ts	phase	decision	why	evidence	result
2026-08-28T23:48:50Z	frame	Build one private Products and Investigate claims pull request, then test three products	The user authorized unattended implementation and one coherent vertical slice keeps product behavior reviewable	codex-products-investigation	open
2026-08-28T23:48:50Z	model	Treat every structured external service as a Product; arbitrary transcript mentions do not create records	Products must unify Scout accounts and experiment targets without allowing chat text to pollute the registry	conversation; convex/schema.ts	open
2026-08-28T23:48:50Z	research	Use Firecrawl Agent as the first production baseline and compare a Convex Agent approach in Lab	Firecrawl already supports autonomous URL discovery, structured schemas, async jobs, traces, and credit caps	https://docs.firecrawl.dev/api-reference/endpoint/agent	open
2026-08-28T23:55:28Z	backend	Use additive Product references with a bounded idempotent in-app sync for existing structured domains	Existing production rows cannot gain a required reference in one deploy, and page-triggered admin sync avoids a hidden manual production migration	convex/schema.ts; backend contract	implementation running
2026-08-28T23:55:28Z	provider	Use Firecrawl spark-2 with explicit credit and polling limits while preserving the previous completed result on refresh failure	Spark 1 names are deprecated and an investigation refresh must not erase already useful evidence	https://docs.firecrawl.dev/api-reference/endpoint/agent; https://docs.firecrawl.dev/api-reference/endpoint/agent-get	implementation running
2026-08-28T23:56:41Z	research	Select Otio as the third live investigation target	It has ambitious first-party claims, free observable entry, and a concrete qualification tension without requiring personal or production assets	https://otio.ai/; https://otio.ai/pricing	selected
2026-08-28T23:56:41Z	provider	Raise the Firecrawl Agent ceiling to 150 credits and capture qualifiers and tensions	Independent research found 30 credits likely to fail ordinary Agent discovery and claim qualifications are central to the product outcome	Firecrawl Agent docs; /root/outbid_research_lead	implementation running
2026-08-29T00:06:00Z	integration	Move the account-to-experiment backfill phase boundary into a scheduled continuation	Browser QA showed Convex rejects two paginated queries in one mutation even though the backend typechecked	running app; /root/products_ui_lead	fix requested
2026-08-29T00:31:00Z	live-test	Reject the direct Firecrawl Agent baseline pending redesign	Samebase remained processing for 90 bounded polls and timed out at 15 minutes; Tally and Otio were not started to avoid multiplying an unvalidated cost/latency contract	productInvestigations m97e1k3qdx60sm70n75wkezxws8dd2rd; live Products UI	failed honestly
2026-08-29T00:39:25Z	diagnosis	Treat the Samebase timeout as a provider-contract defect rather than transient flakiness	The request supplied only the homepage while strict URL confinement forbade the Agent from opening the pricing, docs, security, and integration pages demanded by the prompt; the remote job later reported failed	convex/productsInvestigation.ts; Firecrawl Agent documentation; /root/firecrawl_recovery	root cause confirmed
2026-08-29T00:39:25Z	provider	Replace new direct Agent jobs with bounded Map, optional Search, first-party Scrape, and one Convex Agent synthesis	The deterministic path caps retrieval near nine Firecrawl credits, exposes exact evidence pages, prevents invented citations through opaque source IDs, and should finish in roughly one to two minutes while retaining the same product workflow	/root/firecrawl_recovery; /root/convex_synthesis_design	implementation requested
2026-08-29T00:39:25Z	compatibility	Retain the legacy Firecrawl Agent schema family and start only the new Firecrawl plus Convex family	The failed development row must remain readable across schema deployment while Retry can create a truthful new provider record	convex/productsModel.ts; /root/convex_synthesis_design	implementation requested
2026-08-29T01:06:22Z	live-test	Accept bounded Firecrawl retrieval and reject Convex Gateway structured output as the synthesis transport	Samebase mapped and scraped first-party pages in about 24 seconds at a conservative seven-credit count, then even a minimal Luna generateObject smoke returned HTTP 400 while the same model's generateText smoke succeeded	live Products UI; Convex logs; temporary structured-output diagnostic	recovery requested
2026-08-29T01:06:22Z	synthesis	Use one plain Convex Agent generateText call with a strict bounded JSON parser	This preserves the fresh traceable Luna thread and one-call budget while avoiding the gateway's unsupported structured-output path; Zod and opaque source hydration remain the trusted boundary	convex/productResearchAgent.ts; convex/productsResearch.ts; scout/agent:smoke	implementation requested
2026-08-29T01:12:24Z	live-test	Accept the bounded retrieval plus JSON-text synthesis pipeline for Samebase and Tally	Both products completed in roughly 20-30 seconds at seven conservatively counted Firecrawl credits with first-party source links, qualifications, tensions, unknowns, and suggested mystery shops	live Products UI; productInvestigations; Agent component traces	passed
2026-08-29T01:12:24Z	live-test	Normalize harmless model list overproduction before retrying Otio	Otio returned otherwise valid JSON with 10 claims, seven dependencies, one tension, and eight unknowns, but six audiences exceeded the five-item public cap; invalid evidence and citations must remain hard failures	live Products UI; Agent component message summary	bounded-normalization requested
2026-08-29T01:15:43Z	live-test	Accept the complete three-product vertical slice	Samebase, Tally, and Otio all completed with seven conservatively counted Firecrawl credits; expanded UI reports used five, four, and five actual first-party sources respectively and retained unverified-claim language	live Products UI; productInvestigations; Agent component traces	passed
2026-08-29T01:15:43Z	product-signal	Use Otio's surfaced quota and OCR tensions as proof that investigation can shape later mystery shops	The report contrasted no-file-cap language with explicit upload/storage quotas and identified unclear ownership between an Otio OCR service and Datalab	Otio expanded investigation report	useful evidence
2026-08-29T01:21:57Z	review	Accept both P3 findings from the independent cross-model review	The UI had one stale registry-cap string and could call a scheduled paginated import complete before every page landed	/root/final_adversarial_review	fixed
2026-08-29T01:21:57Z	migration	Let the authenticated Products page drain and await each bounded legacy-sync cursor	One Convex mutation still performs only one paginated query, while the UI now knows exactly when the registry is complete and can report failure truthfully	convex/products.ts; src/routes/products.index.tsx	accepted
